id	pop	Mrk1	Mrk2	Mrk3	Mrk4	Mrk5
c3111	pop03	4.48082	0.93191	4.27038	-0.24429	-1.14394
c3046	pop03	5.58145	0.31352	4.77237	0.38235	1.29612
c4302	pop05	5.86156	5.47935	1.01984	6.19366	1.18506
c3199	pop03	4.55695	0.17553	4.42437	0.61297	-0.68345
c2615	pop02	5.26721	4.61529	0.58516	1.18176	1.312
c4924	pop01	-1.22741	-0.09075	-0.07564	0.76317	5.18687
c2745	pop02	4.19943	4.47421	-0.03412	0.66926	0.62718
c3083	pop03	4.82082	-0.40661	3.88736	-0.4676	1.61793
c4558	pop05	4.16031	5.41785	1.86224	3.02851	-2.1786
c4646	pop05	4.4456	3.154	-0.05164	6.02612	-0.56386
c2907	pop03	4.27756	-1.66709	4.75198	1.81032	1.04856
c4225	pop05	5.45634	5.00363	0.45334	3.15096	1.51633
c2799	pop02	4.40442	5.41539	2.59503	-0.56337	0.06445
c4788	pop06	-0.98697	4.75455	3.85946	1.1035	-0.96301
c2916	pop03	5.79993	0.68023	3.97479	0.40609	-0.30988
c4837	pop06	0.6726	5.9268	6.54834	0.7152	0.30478
c2787	pop02	4.00446	5.48963	0.9659	-1.12704	0.26248
c3082	pop03	6.96632	0.40977	5.26679	1.11021	-0.67261
c2706	pop02	7.20693	4.24377	0.34548	-1.75992	0.14251
c3044	pop03	5.08585	0.1434	4.6475	1.90494	-0.75697
c0617	pop08	1.53966	0.34129	0.23017	-0.97409	-0.18262
c4721	pop06	-0.06788	4.54197	6.69697	2.01324	-0.45875
c3172	pop03	5.19325	-2.07088	5.89885	0.04459	-1.56395
c4723	pop06	-1.77455	6.0176	3.76608	0.58932	0.0719
c4885	pop06	0.14048	4.47162	3.43234	-1.07085	1.53986
c3802	pop04	2.59272	7.91799	-0.0737	4.11043	-0.5476
c3851	pop04	1.94485	4.24689	-0.20173	6.22489	0.37736
c2703	pop02	4.99128	3.96031	-1.30346	1.1575	0.81541
c2332	pop08	-0.51153	0.01291	1.71732	-0.4746	-0.04436
c1034	pop08	-0.7762	-0.58414	0.27717	0.77875	-1.37594
c4662	pop05	4.66406	3.28854	0.07836	5.39554	0.85455
c2796	pop02	3.4596	4.76128	-0.66592	1.22446	-0.86063
c1778	pop08	1.02469	-1.95027	0.6027	2.01937	0.03296
c3086	pop03	4.20701	1.6003	4.14828	-1.4534	0.71004
c4654	pop05	5.53353	5.52614	-0.56641	5.31136	-0.71472
c4995	pop01	-1.2131	1.20486	-0.72619	1.13657	5.50795
c1631	pop08	-1.92779	0.00989	0.30462	-0.23288	0.4248
c4975	pop01	-0.17537	1.02934	1.82049	-0.76288	4.84638
c4451	pop05	4.82481	3.86678	-0.46708	2.81255	1.98512
c3457	pop04	-0.83331	5.06379	1.90766	4.95918	-1.33005
c3295	pop04	-0.05418	4.15928	0.30174	5.26646	0.5394
c4641	pop05	3.61159	4.58468	0.76951	5.33755	0.20367
c2754	pop02	5.09157	4.24561	1.53005	0.66221	-0.14237
c3874	pop04	-0.74535	5.81346	1.38033	4.61171	-0.10921
c1414	pop08	0.6131	1.67565	0.67068	1.12912	0.64205
c4709	pop06	-0.11364	4.34343	4.72014	0.31496	0.63707
c3040	pop03	4.2777	-0.43909	3.78588	0.03291	-0.99222
c4543	pop05	4.05748	4.81656	-0.47029	3.84245	-0.44194
c4367	pop05	5.01858	5.56918	1.94708	5.56	0.32433
c3376	pop04	1.11365	5.22499	-0.87537	5.75737	0.08155
c3157	pop03	6.54222	0.24441	5.13442	-0.30994	-1.76469
c4705	pop06	0.655	4.78941	3.64999	0.51179	-0.15443
c2858	pop02	5.02882	4.57597	0.51773	-2.71481	0.00658
c4688	pop05	4.38746	4.28759	-0.89272	3.5496	0.71983
c4888	pop06	-0.67573	4.5121	5.44917	-0.58218	-0.29175
c3552	pop04	-0.25357	5.17361	1.1753	6.61615	0.92566
c4267	pop05	4.08598	4.71171	-0.58121	5.5019	0.52272
c4249	pop05	3.57074	4.60601	1.28504	5.59139	1.07055
c3009	pop03	3.62545	1.20072	4.36814	-0.07224	1.18541
c4269	pop05	4.2441	3.57201	0.38928	3.31975	-0.37614
c4007	pop04	-0.1284	4.69215	1.3019	4.26966	-0.18367
c2871	pop02	6.57446	3.99739	0.6088	0.87731	0.39468
c2792	pop02	5.63191	6.62616	-0.95568	-0.98153	-0.66106
c4366	pop05	6.07631	5.26434	-0.21595	4.01575	2.51111
c3414	pop04	-9e-04	4.34829	0.54697	7.43553	-0.75685
c2756	pop02	3.78008	4.28945	0.71561	1.08596	-0.33638
c4728	pop06	-0.47445	5.30881	6.83035	-0.9712	0.03886
c4776	pop06	0.40898	5.01092	4.72086	-0.21626	-0.44915
c2984	pop03	3.58616	1.10745	4.34675	-2.14957	0.38981
c4800	pop06	0.28921	5.35189	2.64026	-1.16777	-0.36829
c4769	pop06	-0.01158	5.72934	5.35737	-0.14183	0.69671
c2961	pop03	6.57204	0.01648	5.56978	0.09471	1.22882
c4954	pop01	-0.08724	-0.41821	2.10075	-0.00113	5.00329
c4256	pop05	4.04561	5.9908	1.93327	5.55222	-0.00751
c2659	pop02	3.16629	5.55019	0.59653	2.70145	-1.85577
c2946	pop03	4.13394	1.70284	5.31089	0.79849	-2.54618
c4491	pop05	4.98076	5.83868	0.03406	4.95312	1.9099
c2726	pop02	3.669	5.45714	0.56131	0.73146	-0.50221
c3517	pop04	0.05537	4.36683	1.16186	5.94038	-0.67889
c4321	pop05	5.3176	3.95102	0.53254	4.93776	1.03905
c2777	pop02	4.8462	3.95179	2.03139	0.41739	-0.26308
c3688	pop04	0.82817	3.97809	-1.7644	4.49645	0.94844
c3513	pop04	0.12089	5.29497	-0.25069	5.97753	0.0717
c2715	pop02	4.5292	5.15098	-0.52221	-0.51074	-0.96047
c2771	pop02	5.5203	6.01317	-1.4832	-1.80444	0.41915
c2947	pop03	5.24285	0.62963	5.05805	-0.76826	0.72738
c1713	pop08	-1.8229	-0.60651	0.2958	1.51436	-0.50422
c4255	pop05	7.37563	7.73287	0.10418	6.36935	-0.2329
c2811	pop02	5.81207	4.58635	0.34301	0.31327	-0.16501
c2940	pop03	4.29038	1.63106	4.50584	-0.30358	0.57058
c2619	pop02	4.59828	3.57006	-0.14349	-1.48596	0.25841
c4881	pop06	-0.19834	2.71632	5.57916	-0.0473	-0.19262
c0819	pop08	-0.56821	-0.42196	0.23005	-1.34816	-1.33453
c4040	pop04	-0.80611	5.1833	-1.13412	5.54443	-0.95841
c4871	pop06	-0.61821	4.80397	4.52016	-1.48	0.8239
c2988	pop03	4.5709	-1.20055	6.00915	-0.19751	0.29074
c4727	pop06	-0.20599	3.14616	5.43385	-0.27993	0.54423
c0214	pop08	-1.60708	1.11413	0.78928	1.44523	-0.55084
c4778	pop06	0.83684	4.99855	5.36816	-1.39531	0.3473
c3855	pop04	-0.21115	5.16693	-0.39233	7.15735	1.6299
c4735	pop06	-0.24712	5.24626	4.63512	0.69579	-1.13628
c3065	pop03	5.20501	1.47652	5.55665	-1.56705	0.63452
c4982	pop01	0.89848	-1.27582	0.77963	0.17135	4.44115
c4960	pop01	-1.25003	-0.36605	-0.32886	-1.30291	4.75265
c4186	pop04	-1.57112	5.58602	1.73521	6.89674	2.07093
c4535	pop05	5.59535	5.23588	-0.54564	6.34262	0.14336
c4173	pop04	1.11566	5.67481	1.13121	4.87398	-1.68308
c4996	pop01	-1.19643	0.01974	2.38504	0.43476	3.85082
c2648	pop02	4.45953	6.45396	0.15108	0.33733	0.13481
c4981	pop01	-0.62513	-0.82068	-1.20306	-0.81372	3.92753
c4967	pop01	0.5263	-0.70414	1.31357	-0.05388	3.67251
c4948	pop01	-0.08551	0.70406	0.80966	-1.03886	4.49015
c2936	pop03	3.29011	1.64864	5.19591	0.92374	0.31055
c4739	pop06	-0.78158	4.96038	5.56796	0.93378	-0.71345
c2586	pop08	-0.40886	-0.85802	0.7036	1.10282	-1.46239
c4737	pop06	-0.55061	3.85672	3.81785	-0.57819	-0.49821
c4637	pop05	5.3275	6.10193	-0.0879	4.83558	0.79898
c2966	pop03	5.89572	1.86668	4.36956	0.67386	-0.87559
c3660	pop04	0.13886	5.56244	-0.1498	4.69116	0.04378
c4897	pop06	1.01086	4.55788	5.45476	-0.37282	0.62298
c4752	pop06	1.03937	4.9222	5.18522	0.70755	-0.90806
c3632	pop04	1.5289	4.77929	-1.22304	4.70478	-1.3513
c2814	pop02	6.15455	5.63044	-0.25737	1.71642	-0.45028
c2318	pop08	0.2477	-2.81418	-0.56666	2.1762	0.52712
c2686	pop02	5.7123	5.59885	-1.15774	0.44852	-0.26925
c3813	pop04	-0.15619	4.63674	-0.42528	5.4403	1.12933
c4190	pop04	1.01102	6.01623	-0.63384	6.90784	1.04362
c2976	pop03	5.82663	0.14234	3.85218	-0.16713	-0.75204
c4386	pop05	4.9595	6.15805	-0.84176	3.16805	0.81351
c2196	pop08	0.28766	1.01222	-0.36373	-0.44418	1.13214
c4566	pop05	5.55777	4.46474	0.20398	4.98113	0.48677
c3068	pop03	3.85692	0.57365	5.65511	0.64547	-0.60387
c4955	pop01	-1.82243	0.49769	0.1382	0.59108	5.77181
c1053	pop08	0.05939	-0.49332	1.08917	-0.40795	0.02297
c4031	pop04	-0.49307	5.72778	-0.60404	6.20811	-0.52674
c4815	pop06	0.36071	5.79441	3.86553	0.84054	-0.84629
c2868	pop02	3.82018	6.69752	-0.56423	-1.2058	-1.12242
c3461	pop04	1.18234	5.57942	-0.28828	3.40472	-1.31268
c4423	pop05	4.94648	5.93039	2.2063	5.68325	0.59478
c2856	pop02	6.63914	5.29837	2.34835	-0.69799	-1.20915
c3018	pop03	3.76938	-0.68424	5.21765	0.98383	0.84066
c4584	pop05	5.16679	4.48686	-1.33207	4.82259	-0.56396
c3351	pop04	2.35345	5.90189	1.03389	3.34568	-0.6351
c4293	pop05	5.12451	5.5905	-1.09515	5.56015	-1.54496
c2735	pop02	6.75042	3.92557	0.91802	-0.43132	1.01526
c2638	pop02	5.86103	4.12805	0.28378	-1.42374	-1.31815
c4754	pop06	-1.14934	4.50628	4.58189	1.66519	-1.91097
c4758	pop06	1.08188	4.99556	3.95915	0.76717	2.20503
c2801	pop02	5.91526	5.79294	0.16655	-0.03275	-0.98795
c4811	pop06	-1.44293	5.33398	6.01111	-1.64656	1.67318
c4997	pop01	0.14145	-2.12675	-1.25475	-0.28011	4.04352
c3004	pop03	6.83915	0.39576	6.29771	1.29028	-0.66861
c4822	pop06	0.14007	4.65995	2.06815	0.42413	-1.46265
c4915	pop01	-0.5498	1.4198	1.74373	0.3152	6.16957
c1116	pop08	0.44517	-1.38213	1.23372	-0.01195	-0.21737
c2883	pop02	6.32299	5.41816	1.49119	0.97631	-0.66353
c2758	pop02	5.21527	4.87305	0.39252	0.28207	-0.56687
c2793	pop02	6.16452	7.45497	0.10808	-0.2422	-0.57847
c4918	pop01	0.82815	-0.78184	-0.35983	0.46064	5.57314
c1213	pop08	-1.00201	1.23361	-0.10746	-1.3897	0.34963
c0148	pop08	0.27589	-1.31496	-0.44406	1.41397	-0.02546
c0306	pop08	-0.64903	1.2126	0.62008	-1.44681	-1.0619
c4994	pop01	-1.13149	-1.83042	1.35411	-1.56562	4.30726
c4889	pop06	1.56964	4.83528	6.38398	0.56633	-1.53992
c4907	pop01	-1.23613	0.32118	-0.17726	-0.50937	4.88942
c4000	pop04	-0.9327	5.16218	0.89155	4.85725	1.58414
c1165	pop08	-0.62536	-0.41894	-0.58821	-1.38441	1.16643
c3140	pop03	4.38077	-0.13317	4.74055	0.09229	-0.00772
c4627	pop05	6.16872	4.53455	-1.89545	4.01332	0.00085
c4927	pop01	0.28756	-0.06094	-0.51697	0.19289	6.92647
c2974	pop03	5.80971	-0.92195	3.94781	0.50326	-0.47015
c4914	pop01	0.85857	-0.36752	-0.26444	1.04835	5.26493
c2928	pop03	5.02961	0.1774	5.06832	-0.02614	0.0858
c3597	pop04	-0.75553	6.13054	0.59133	4.82637	-0.81157
c4210	pop05	3.40829	5.2734	0.18339	4.42349	1.16165
c4894	pop06	1.04451	3.87273	5.03093	-1.78741	-0.8944
c4457	pop05	5.94365	4.90352	1.37445	5.88619	-0.20236
c4989	pop01	-1.68358	1.02353	-0.01419	-1.41291	5.3626
c4862	pop06	-0.66281	4.22401	4.81251	-0.66791	0.76971
c1319	pop08	0.11821	0.28534	0.13402	-2.72906	-0.25084
c1795	pop08	0.61826	-0.26783	-1.1769	1.17208	0.08327
c3278	pop04	0.5121	6.38043	-1.9132	6.30969	0.50837
c4130	pop04	0.20131	4.67879	0.14903	4.68678	-0.38287
c4585	pop05	6.17249	4.51182	0.94423	4.588	-1.70435
c4953	pop01	-0.10364	-0.35688	0.12824	0.48548	3.53435
c4572	pop05	3.7826	6.02106	-0.49534	4.42961	0.0317
c3334	pop04	-0.55952	7.23211	-1.14249	5.61339	-0.42249
c3076	pop03	5.37195	1.13554	5.06096	0.68091	1.74741
c2807	pop02	5.20106	4.28057	0.43195	0.79538	-1.52109
c2723	pop02	4.95312	4.87774	0.76275	0.08586	1.6316
c4926	pop01	-0.63174	-0.32078	0.88587	-0.28779	5.75531
c2740	pop02	5.78961	4.01497	-0.25225	-0.98479	0.88567
c3066	pop03	5.36034	-0.34565	5.60774	-2.53533	-0.90856
c0994	pop08	1.39276	-1.18269	0.73846	0.37455	-1.84768
c2101	pop08	-0.26854	0.03657	0.07389	-0.5016	-2.00925
c4445	pop05	4.46935	2.26643	0.7228	4.77912	-0.23171
c4770	pop06	0.48291	5.77937	4.24559	-0.95399	-0.22978
c4152	pop04	-0.66745	5.36626	0.50573	3.73621	0.14313
c2849	pop02	3.58191	5.64278	0.50233	-0.52199	-0.34492
c2969	pop03	5.65554	0.60733	5.60579	-0.52105	-0.63137
c3574	pop04	1.44681	6.90444	0.01297	4.18615	0.13372
c4917	pop01	-0.60924	-0.9248	2.13735	2.30523	3.34104
c4799	pop06	-1.12144	6.52734	3.46769	0.43746	0.48289
c3341	pop04	0.41294	4.68925	-0.99724	5.36723	0.76189
c3125	pop03	6.05909	0.37346	5.38054	2.91557	-1.52391
c0534	pop08	1.63535	-0.35496	0.08912	-0.50842	0.24522
c2645	pop02	3.70048	4.17687	-0.14749	-0.34645	0.52402
c0654	pop08	0.49084	2.12279	1.62526	-0.17855	-1.02566
c4789	pop06	1.18031	3.91972	4.76281	0.07126	-2.1041
c2665	pop02	5.57106	3.46794	-0.75278	0.9966	0.00497
c3940	pop04	0.06378	4.43457	-1.89445	4.42889	1.19076
c4220	pop05	6.29891	3.69302	0.11892	4.52959	-0.52242
c4831	pop06	-0.53167	3.72387	5.02289	1.32972	-0.71844
c3928	pop04	0.86167	4.72347	-2.09115	7.14995	-0.0534
c2938	pop03	5.14449	-0.05472	5.15474	-0.12195	-0.71583
c4940	pop01	-1.50128	0.17675	-0.18776	-1.0157	5.99421
c4429	pop05	4.68103	6.19667	-1.26261	4.89514	1.5716
c4900	pop06	0.65588	4.66252	4.57674	0.31398	-2.17293
c4939	pop01	-0.23545	-0.67647	-0.86664	0.08341	3.99798
c4929	pop01	1.48183	-0.00931	-0.43298	-0.05852	6.86155
c1788	pop08	1.02069	-1.12527	-0.91294	0.33435	-1.44954
c2987	pop03	3.943	-0.66196	4.25697	0.61612	-0.64469
c4639	pop05	4.13876	5.19468	-0.41612	4.64548	1.74255
c3275	pop04	1.64104	4.53634	-1.1108	4.50059	1.69383
c4179	pop04	-0.25051	4.82878	0.72302	5.40815	-0.70781
c4156	pop04	-0.95296	1.66489	-0.70738	5.18609	-0.10132
c4804	pop06	1.6082	3.79987	5.82905	-0.10158	-0.72843
c3015	pop03	4.47479	-0.46274	4.68208	-0.3244	0.42565
c2724	pop02	3.85439	5.81468	-0.58684	0.38104	0.50545
c4540	pop05	4.19879	4.45101	-1.08087	4.62214	2.00627
c4517	pop05	6.28512	4.50677	-2.16493	7.08504	-0.72993
c4911	pop01	0.88869	-1.00088	1.37895	-0.39975	5.32703
c4933	pop01	0.4122	-0.56638	-0.22504	0.44695	6.56486
c2937	pop03	6.28298	0.46289	5.81617	0.00964	-0.4985
c4938	pop01	-0.11697	-0.19549	0.29361	0.20939	4.47894
c0510	pop08	-0.01763	-0.7445	0.91415	-1.54968	-0.38916
c3722	pop04	-0.72777	7.062	-0.36653	6.1535	-1.85218
c0805	pop08	-0.09951	0.15006	-0.80696	-0.39066	-0.98809
c0277	pop08	0.80862	0.96515	0.10828	0.98853	0.46264
c3718	pop04	-0.34613	3.77877	0.33872	6.41308	-1.51559
c4968	pop01	0.84064	0.20906	0.10444	-0.79961	3.99385
c4399	pop05	4.52194	4.15101	0.8273	5.44053	1.1607
c4097	pop04	-0.2451	3.07717	0.98345	4.40627	-1.00471
c4984	pop01	-0.47601	-0.12438	0.6581	-1.86806	4.30511
c4922	pop01	0.72566	-0.22137	-0.91215	-0.24913	5.54649
c4151	pop04	0.6362	4.77848	0.38339	6.08895	0.59808
c1941	pop08	-0.34928	-0.88585	-0.36605	-1.11478	-2.05725
c4825	pop06	-1.02303	4.4043	2.83335	-1.1093	0.04609
c3115	pop03	5.06254	0.25471	5.35304	-0.91637	2.56003
c4993	pop01	1.45877	0.11325	-0.16608	-0.58805	4.8518
c4932	pop01	0.0589	-0.17387	-0.34503	0.27775	5.4903
c4362	pop05	6.27277	5.3919	-0.40819	5.83044	0.04019
c2572	pop08	-0.5936	-1.06324	-1.01806	1.42715	-0.0518
c2604	pop02	5.25687	3.54382	0.21693	-0.02003	-0.70761
c1714	pop08	-0.97536	-0.74395	0.55678	0.44274	-0.98027
c2994	pop03	4.00353	1.94987	5.09932	2.01527	-0.44736
c3548	pop04	-0.21332	4.87837	-0.14693	5.7206	0.51189
c4936	pop01	0.00467	-1.70494	0.53077	-0.59548	5.49496
c2252	pop08	1.48187	-0.07301	1.13404	0.51381	0.04295
c4668	pop05	6.0596	4.90605	0.32095	6.79671	0.73395
c2934	pop03	5.85719	0.27948	4.64677	-1.17121	-0.9158
c4241	pop05	4.67016	4.54224	-0.95569	5.17243	-0.7614
c4944	pop01	-0.59325	-1.53073	-1.3802	-0.42206	6.23153
c4923	pop01	-1.50443	-0.35346	-1.20999	0.07122	4.83453
c4229	pop05	5.8572	2.69915	0.26906	4.27716	0.36252
c2915	pop03	4.82772	-1.07653	5.93378	-0.96085	0.11611
c4802	pop06	-0.09537	3.57264	5.94574	-0.50798	-0.69687
c3168	pop03	5.76843	-0.99896	5.75322	-0.98847	-0.13098
c4903	pop01	-0.84179	0.59947	1.438	-0.83581	4.87024
c3195	pop03	3.25319	-0.21991	3.05872	-0.02435	-1.52314
c4906	pop01	0.31511	-0.82608	-0.08598	0.12572	4.37174
c4519	pop05	4.44361	4.86706	-0.04993	4.36881	-0.56128
c4941	pop01	1.22311	1.48139	0.70178	-1.32261	3.48666
c4963	pop01	-1.20516	-1.13399	0.77483	0.34607	5.03384
c2929	pop03	4.71511	0.05011	5.0447	-1.65621	2.2255
c2664	pop02	5.61622	4.8052	1.07913	-1.47398	1.26572
c3104	pop03	3.47377	0.02646	4.60232	0.36715	-2.24795
c4869	pop06	-0.37798	4.33891	2.81435	-0.5299	-2.35572
c3178	pop03	4.62221	-0.06646	3.76452	0.11738	0.57294
c4751	pop06	-0.99234	5.08133	4.4748	-1.62597	-0.14484
c4921	pop01	-1.12738	1.69334	1.61938	-1.39179	3.1036
c0324	pop08	-1.5814	-0.19931	1.41682	0.10826	-1.69202
c1854	pop08	1.79205	0.94397	1.26942	-1.53124	3.05034
c2755	pop02	4.30458	4.08437	1.00619	1.19771	-0.8622
c4905	pop01	-0.86579	-0.71792	-0.79532	0.43376	5.64144
c2768	pop02	5.361	4.09399	-0.45175	0.50483	-0.54796
c2803	pop02	4.65726	5.25066	0.4994	-0.5792	0.72082
c2682	pop02	5.92167	6.09836	0.62557	0.45321	1.24494
c2552	pop08	-0.66759	0.67518	-1.15783	-0.06307	1.20688
c3000	pop03	5.54322	0.44872	5.08344	0.57443	0.07763
c4561	pop05	6.06575	5.54467	0.31112	4.54517	0.11139
c0984	pop08	0.14663	-1.06842	-1.21324	0.34377	0.17763
c4833	pop06	-0.78725	3.24507	4.418	1.16428	1.24646
c2894	pop02	5.26466	6.37102	-0.13834	-1.03991	0.4306
c2898	pop02	4.46067	4.50876	-1.25315	-4.12663	0.71748
c4864	pop06	-1.46383	3.79582	4.74355	1.40901	-1.03912
c1203	pop08	0.87294	1.6379	1.62921	1.22949	1.18756
c4959	pop01	-0.60885	-0.43022	-1.04449	-0.75491	5.84626
c4937	pop01	0.37978	-0.17731	-2.42178	1.12847	4.18661
c4916	pop01	-0.33183	0.54662	-0.05143	-0.46678	3.64431
c1027	pop08	1.32837	0.47204	-0.05452	1.03515	-0.12349
c2941	pop03	6.24245	0.34947	4.93599	1.32919	0.26415
c4934	pop01	0.17268	-0.30414	-0.14132	0.09502	4.20187
c2897	pop02	5.53295	4.02584	0.48063	-1.19008	0.544
c4586	pop05	5.68818	6.60409	-0.0278	5.69824	-1.49359
c3303	pop04	0.48199	5.23618	-0.44292	5.6317	-0.60611
c1540	pop08	-0.52816	-0.45543	0.58082	0.23254	1.09365
c4983	pop01	2.69864	-0.01713	1.4973	0.21046	5.00352
c2847	pop02	6.75901	6.46458	-0.31402	-0.12125	1.38506
c4866	pop06	-0.71837	3.56712	4.13496	-0.60861	-0.94828
c4232	pop05	4.84218	3.58676	-1.03948	4.97616	0.12818
c1488	pop08	-0.06542	0.05862	0.04052	0.59653	0.4972
c4863	pop06	-0.29063	3.99197	6.21489	-1.94748	-0.79399
c2817	pop02	5.9792	4.83038	-1.24868	-0.63789	-1.04501
c3134	pop03	4.33524	-0.46685	5.96717	-0.34714	0.52513
c2828	pop02	4.84021	2.67772	1.32218	0.07449	1.07618
c4370	pop05	6.051	4.96916	0.49663	4.47721	0.93445
c3654	pop04	0.30156	5.75641	0.39311	5.82831	-1.69606
c4206	pop05	5.72685	3.88713	0.98252	3.60145	-0.39662
c4349	pop05	4.58407	7.49556	-1.12981	4.94598	0.6497
c1354	pop08	0.33301	-0.05848	0.05877	-0.67604	0.72472
c2954	pop03	5.38405	0.00498	5.94004	0.85068	0.78702
c4265	pop05	3.94465	5.49453	-0.94888	5.51711	-1.01313
c4785	pop06	-0.55399	5.18547	5.67602	0.08034	0.51262
c1683	pop08	0.68274	-0.00162	1.4099	-0.65429	1.65088
c4823	pop06	-1.53749	5.05664	4.1308	-0.71892	0.80705
c5000	pop01	-0.2878	0.77641	0.08347	1.63019	4.48836
c2789	pop02	4.8282	5.82184	-1.03121	0.56772	-0.94047
c3648	pop04	-1.35362	4.60196	-0.25854	5.87394	-0.24601
c0843	pop08	-0.42567	-1.01406	0.6373	0.7198	-1.42833
c4819	pop06	0.12343	5.74675	5.54892	-0.55572	2.51794
c2667	pop02	5.35645	5.87494	0.04832	0.1528	0.96986
c0981	pop08	1.93517	-0.53014	0.1394	-0.8369	0.7047
c2630	pop02	3.37375	5.24249	-0.58454	0.10011	-0.41663
c4750	pop06	-0.56727	4.61982	4.73797	-1.05413	-0.60568
c3587	pop04	1.02231	6.03654	0.49453	5.71485	-0.03806
c3120	pop03	4.6571	-0.99463	4.09857	-1.31937	-0.76548
c4748	pop06	0.40248	5.53599	4.11324	-0.25385	-0.4714
c4555	pop05	5.40057	5.13691	-0.11858	5.22746	-0.86882
c2933	pop03	4.31492	-0.33756	5.77068	-1.7033	-0.50157
c2744	pop02	7.15727	5.58203	-0.5129	-0.69975	-0.0817
c4970	pop01	-1.19522	-0.32233	1.14764	1.04355	3.35967
c4988	pop01	0.0344	-1.18848	0.51275	-0.10163	3.83872
c4974	pop01	-0.2176	1.00773	-1.03737	0.51403	5.51907
c4642	pop05	5.49431	5.03226	-0.91355	4.88064	-0.5007
c3176	pop03	3.94845	1.4452	4.48032	1.64881	-0.95776
c4384	pop05	3.637	5.38858	-0.24097	5.51701	-0.97209
c3998	pop04	1.02683	4.57387	-0.40914	4.61731	0.4698
c4431	pop05	4.86811	5.80372	-1.01806	4.74874	-1.51893
c4409	pop05	4.4891	4.52343	0.32635	4.36209	0.67913
c4812	pop06	0.46103	5.01212	7.71166	0.38657	-0.48074
c2562	pop08	-0.23051	0.09656	0.642	0.22139	0.34749
c3331	pop04	-1.78304	5.1897	0.40705	3.73192	-1.14541
c1095	pop08	-0.08326	1.34044	0.47649	0.1914	-0.53592
c3627	pop04	-0.66493	4.42204	-1.66754	4.98125	0.55334
c2944	pop03	5.34985	1.05857	5.10043	1.27187	-0.76879
c4497	pop05	5.94251	4.29208	0.47594	5.05424	-1.81721
c3155	pop03	5.10873	1.27743	2.78344	2.20053	-0.90889
c4720	pop06	-1.22253	3.49193	5.50319	-0.3302	-0.75283
c1997	pop08	1.33469	0.71068	0.17825	-0.02973	0.58638
c4793	pop06	0.35186	5.97437	4.52071	0.74619	0.47759
c4950	pop01	0.69166	1.33614	-0.54539	1.7545	5.58358
c2729	pop02	6.24912	4.83411	0.13092	-2.1278	2.35226
c4786	pop06	-0.17508	4.39572	5.96132	-1.83589	0.87247
c4614	pop05	5.29581	3.30405	-1.22813	6.35319	-0.20834
c0478	pop08	1.05907	0.05316	0.43817	1.18223	1.61744
c4680	pop05	3.66522	4.98671	-1.11595	4.31428	0.68639
c4908	pop01	0.07705	-0.32931	-0.14645	0.22356	6.44138
c3943	pop04	-1.0399	5.11074	-1.05841	4.16219	1.03444
c2980	pop03	5.91251	-0.97871	4.94403	1.15214	-0.42112
c4935	pop01	0.25427	-1.35916	1.56115	-0.12845	5.21074
c3596	pop04	-0.91664	6.58336	-0.1777	6.50871	1.04319
c3413	pop04	0.76457	3.33739	-0.23365	6.17408	0.01067
c4719	pop06	0.59481	4.73489	5.49171	0.16633	-2.00363
c2716	pop02	2.74112	5.2615	-0.91873	0.30563	-0.95889
c4998	pop01	-0.39383	-0.05022	0.57127	0.65641	6.48198
c3049	pop03	6.82568	-0.67486	6.53864	-1.20635	-1.62561
c4129	pop04	-0.26664	5.45018	0.47413	4.2791	-1.18205
c4827	pop06	-0.88846	5.20458	3.20571	2.07951	1.04579
c4271	pop05	4.76345	5.85386	-0.42152	5.2595	1.50826
c4766	pop06	0.40978	3.43201	4.03023	-1.87223	-0.96284
c4851	pop06	0.43543	4.57478	4.5182	-0.96186	-0.31657
c4594	pop05	4.32824	3.93745	0.29184	5.42057	-1.93347
c3017	pop03	4.26591	1.39749	7.32526	-1.56364	1.45105
c2662	pop02	3.44488	4.71884	-0.32704	1.53133	-1.14568
c4762	pop06	-1.2208	6.61627	6.04714	0.69702	-0.52528
c4910	pop01	1.21354	1.58499	2.67303	-0.64856	2.98878
c1650	pop08	-0.1277	0.12789	0.91407	0.98712	0.80276
c4493	pop05	4.21977	3.44319	-0.05559	4.67659	-0.56499
c0689	pop08	0.25382	2.17314	1.81838	-0.96344	-0.24712
c4952	pop01	0.8353	1.41504	-0.77302	-1.24927	4.0559
c1218	pop08	1.4457	-1.14304	2.42668	-0.7588	-0.43585
c4565	pop05	5.10161	6.36019	-0.85777	2.76902	-0.24598
c4860	pop06	0.63648	3.22997	3.41469	-0.93976	0.80378
c1007	pop08	0.93892	-0.51741	0.42933	-3.55016	-1.19651
c4398	pop05	6.03411	6.88659	1.02101	4.46164	-0.13559
c2652	pop02	4.94196	5.03556	1.26054	-0.23242	1.39677
c2709	pop02	5.76939	3.55634	0.43437	0.316	-1.32675
c0967	pop08	-2.73975	1.23774	0.48203	-0.93588	0.34306
c2762	pop02	6.94701	4.74774	-0.01868	-1.98801	1.64853
c2002	pop08	-0.09963	0.48192	-1.02985	0.32727	-1.64149
c2808	pop02	4.28359	4.22226	-0.04069	0.43951	-0.43479
c4747	pop06	0.04656	5.07211	4.0301	-0.88389	-0.61372
c4034	pop04	0.18907	5.00859	0.60923	5.03431	1.10026
c4969	pop01	-0.12308	0.40696	-1.09903	1.1964	6.47541
c4128	pop04	-0.87533	4.71234	0.77169	6.43462	2.26443
c2780	pop02	4.19699	4.39991	0.79145	-0.92285	-1.9006
c2669	pop02	6.82906	4.43167	1.37637	-0.41037	-0.15756
c3796	pop04	0.4676	4.48868	1.39728	3.83853	-1.2331
c3662	pop04	0.61687	4.56139	-0.01259	3.96754	-1.1824
c3185	pop03	5.70602	0.78247	5.68839	-1.52834	-0.05016
c3421	pop04	-0.06676	7.50696	-0.88071	3.99683	-0.91186
c0858	pop08	-0.33714	1.01234	-0.13152	-0.60633	0.10648
c2681	pop02	5.60995	3.29404	1.04199	0.63467	0.19849
c3050	pop03	6.09455	-0.20421	3.93983	0.69225	0.37987
c3019	pop03	5.11833	0.98247	6.11112	-0.0305	1.86374
c4977	pop01	-1.25987	1.50459	0.03263	0.50912	6.22506
c3267	pop04	1.13486	5.62303	-0.5137	4.29234	-1.33375
c1869	pop08	-0.12153	-0.01371	1.30164	0.74308	-0.15034
c4794	pop06	-1.02362	5.23531	5.21459	-2.24177	1.41996
c4892	pop06	-0.31478	4.79603	4.58293	-0.41752	-1.26255
c2770	pop02	4.85616	4.81717	-0.82197	-1.55987	0.35428
c4951	pop01	1.60348	0.41373	-0.36629	1.83783	2.8255
c3054	pop03	5.93293	-0.41779	5.05024	0.16821	0.10908
c2215	pop08	0.16423	1.18058	0.59304	1.8169	0.64758
c4077	pop04	1.29014	4.3364	-0.17791	4.66585	0.37082
c4201	pop05	4.23969	6.03841	1.18738	6.36693	0.03155
c4714	pop06	0.42869	5.27343	3.36307	-0.01092	-0.3518
c3128	pop03	7.21644	0.77818	5.0083	-1.37081	-0.41158
c3406	pop04	0.47193	4.52986	-0.74492	2.98736	-0.83506
c2642	pop02	3.80198	5.52927	-0.81686	-2.11192	-0.72549
c3482	pop04	0.01878	5.00833	-1.01432	6.22505	-0.35107
c3692	pop04	0.91013	4.68612	1.42403	5.25749	0.36715
c4393	pop05	2.66439	4.04082	-0.73439	4.95297	1.41794
c3589	pop04	0.04917	3.80897	-0.27858	5.38011	-0.8546
c2627	pop02	4.0752	4.4104	0.12452	1.18866	-1.57494
c3890	pop04	-0.37576	4.25931	0.44148	4.98171	0.17866
c3460	pop04	0.10211	5.07177	-0.57093	2.98986	-0.52287
c4406	pop05	6.64678	5.45686	0.58888	3.89137	0.7865
c3719	pop04	-0.53651	4.8536	0.27899	5.90418	0.01633
c3053	pop03	2.10407	-0.11623	5.90873	0.32604	0.6718
c4962	pop01	-0.81702	-1.18109	2.04518	-2.2798	3.9631
c4816	pop06	-1.69402	4.81042	5.63697	-0.25371	-0.45531
c4946	pop01	-0.90436	-0.00714	0.40355	-0.53295	4.97081
c4931	pop01	-0.4483	-1.19114	-1.56345	-0.46592	3.75192
c3084	pop03	2.92582	-2.46625	3.35977	1.48861	0.25056
c4875	pop06	0.90143	4.11191	5.23947	-0.63119	-1.61495
c4991	pop01	1.57947	1.1622	-0.21422	0.32835	4.43227
c2930	pop03	4.94849	0.38234	5.50158	1.41973	-0.57121
c2236	pop08	-0.3125	0.45373	0.04431	-0.39348	-0.47346
c3391	pop04	-1.64957	5.3365	1.55282	5.90916	0.51658
c2738	pop02	5.50477	5.24366	1.17732	1.35489	1.45981
c4234	pop05	2.56008	2.88039	-1.86635	5.95257	0.707
c4978	pop01	0.11845	0.14359	-0.02577	-0.91016	4.24087
c4166	pop04	1.77778	4.62011	-1.89789	4.99489	-0.34913
c3304	pop04	-0.39802	3.98961	-0.15333	4.03764	1.57168
c4957	pop01	0.65845	-0.22952	0.52175	-1.67709	5.23706
c4035	pop04	0.71868	4.57993	-0.62578	3.26793	-0.60339
c2852	pop02	4.99427	4.16067	-0.45561	-1.94577	1.59254
c3364	pop04	-1.27077	4.47759	0.6371	6.2137	0.05671
c4439	pop05	3.7038	5.86674	0.22803	4.81273	-1.30072
c4792	pop06	-1.55574	5.12168	6.41645	-1.50672	0.67199
c2732	pop02	3.64071	5.23641	0.65085	1.2692	0.04311
c2028	pop08	0.21308	0.72409	0.14082	-0.96749	-0.55975
c3196	pop03	3.07881	-0.34289	4.14009	1.18486	-0.63637
c4985	pop01	0.76807	1.96866	-0.72792	-0.83035	5.37909
c3169	pop03	4.06027	-0.31907	3.78464	1.25129	1.32692
c1991	pop08	0.05007	1.32942	-0.48083	0.81333	0.66771
c2689	pop02	5.57821	3.55224	1.51501	0.38332	-0.85671
c2583	pop08	0.74945	-0.06848	0.20992	0.70804	-0.95705
c4964	pop01	-0.81221	-1.55074	0.67813	0.71018	4.51636
c4817	pop06	-0.4624	5.34034	5.84016	1.28953	2.60258
c4251	pop05	5.02749	5.80948	-0.32232	6.26148	-1.80675
c3340	pop04	1.78555	4.78127	-0.68402	5.33583	-0.47005
c4733	pop06	-1.85714	5.81062	6.54306	0.58922	-0.14817
c1140	pop08	1.32591	1.08902	-1.40232	-0.21612	-0.73087
c3760	pop04	-1.23483	6.13618	1.53706	5.08102	0.4054
c0060	pop08	-1.15781	-1.31173	0.85293	1.89902	0.36425
c0254	pop08	0.6632	0.83144	1.57135	0.14296	0.54888
c2623	pop02	5.23552	4.22929	-2.37913	1.30779	-1.8113
c4679	pop05	3.62659	4.53317	0.65459	4.65298	0.91351
c3016	pop03	7.01648	-0.65049	3.4731	0.05574	-0.37233
c4943	pop01	0.83812	0.50726	0.74288	-0.44838	3.27162
c3961	pop04	-1.01304	5.02698	0.7348	4.56747	-0.4231
c3846	pop04	1.40825	5.13193	0.72305	5.2854	0.5124
c2036	pop08	-0.723	0.59805	0.4219	-0.68546	1.04763
c3198	pop03	3.43117	0.46412	4.64904	-1.03558	-0.29928
c2786	pop02	3.34935	5.05958	-0.79328	1.4917	-0.28349
c4447	pop05	5.18974	3.43372	3.21103	5.74528	-0.17347
c2996	pop03	6.70647	0.78871	4.10945	-0.6777	-0.06904
c3468	pop04	-0.48733	4.82372	1.47033	5.47519	0.11681
c3092	pop03	5.024	-1.97391	4.39819	1.26473	0.65015
c4479	pop05	3.90532	6.06817	0.67661	4.56816	-1.4915
c4973	pop01	-0.48733	-0.18026	0.08491	-0.65731	4.17572
c2181	pop08	-0.66111	-0.00565	-1.00188	0.70554	-0.59683
c2006	pop08	-1.04564	-0.16826	0.72734	-1.10359	-0.25191
c4986	pop01	-1.60137	-0.734	0.41178	0.28543	4.23942
c4909	pop01	2.08699	-0.12462	-0.78758	0.10908	4.61963
c3464	pop04	-0.1968	5.78497	0.63965	5.99575	-0.7276
c4803	pop06	-0.80698	4.01965	5.98473	0.6214	0.52644
c4279	pop05	4.00438	4.66798	-0.97422	3.46753	-0.49943
c3135	pop03	3.63528	-1.01127	4.28557	-1.01118	2.22439
c4919	pop01	-0.86453	0.50628	1.27648	1.34293	6.23118
c2621	pop02	5.82592	4.71291	0.03046	-0.22353	-0.52725
c4987	pop01	-0.89577	0.53216	-1.17879	-0.93362	5.34762
c4845	pop06	-1.05032	6.70515	5.54812	0.0987	1.40616
c2927	pop03	4.14555	0.57646	6.10126	1.07617	0.87033
c2785	pop02	7.31932	4.56248	0.09101	0.50527	0.73163
c2765	pop02	6.20104	5.27966	-0.66665	2.01978	1.12428
c3175	pop03	6.27449	-0.72427	5.37305	0.02112	-0.71205
c4757	pop06	0.28652	4.30192	4.18388	-0.17972	0.01833
c4942	pop01	-0.59096	-2.19386	-1.08318	0.16239	3.69332
c3959	pop04	-0.57887	5.96797	0.68066	2.91212	-1.46349
c1611	pop08	0.30084	-0.03782	0.90231	-0.32787	0.24793
c3506	pop04	-0.31693	6.25207	0.86697	5.54382	2.83002
c2968	pop03	4.50951	-0.37166	5.0109	-0.86302	-0.44054
c4760	pop06	2.2577	3.82237	5.21685	-0.24468	-2.3697
c4958	pop01	1.53475	0.20953	1.10001	-0.7232	3.81693
c4335	pop05	4.91694	5.0487	-0.70278	6.22579	0.24819
c0035	pop08	-1.62909	-0.42013	-1.40489	-0.30459	1.28009
c4686	pop05	4.25922	4.25219	1.99484	4.48336	1.28071
c4708	pop06	0.43623	4.01191	6.44529	1.20962	0.12061
c2358	pop08	-1.00466	-0.65455	-1.37512	0.32293	-1.72452
c3177	pop03	5.78522	0.34501	5.33945	-0.8083	0.62543
c4961	pop01	0.05043	-2.98864	0.66742	0.32899	4.59
c3568	pop04	1.73402	6.74287	1.08581	5.75867	-1.22142
c3508	pop04	-0.85871	5.00777	0.80648	4.66493	-1.47676
c3006	pop03	4.6418	0.80941	4.72732	1.20823	-1.72204
c2853	pop02	5.45379	4.15869	-1.37906	0.78705	-0.264
c2610	pop02	4.91155	6.10076	0.25681	0.03783	-0.41895
c0161	pop08	-0.84735	0.67753	1.45933	-1.01209	-0.60506
c4893	pop06	-1.1451	5.89866	6.29861	1.49992	-0.67675
c2725	pop02	5.18787	4.57798	0.06744	1.88936	0.57521
c1767	pop08	-0.04695	0.15995	0.85049	-1.6194	0.1784
c2774	pop02	6.17122	5.66808	0.47248	-0.23253	0.84775
c3109	pop03	5.51205	0.53381	3.98932	-0.67574	-0.27064
c4928	pop01	-1.36247	-0.00547	2.58333	0.95115	6.73006
c3041	pop03	4.31413	0.59324	7.03225	-0.11959	-1.43794
c4956	pop01	0.5206	-0.47805	0.60542	-0.59848	6.466
c2734	pop02	5.50362	5.75815	0.79643	0.93538	0.61792
c4980	pop01	-1.62452	2.21148	-0.44269	0.29123	6.19253
c0691	pop08	-0.00851	-0.96563	0.81293	1.6083	0.08881
c3136	pop03	4.98069	-0.02993	4.8531	0.34722	-1.00814
c2411	pop08	0.32495	0.00097	0.09527	0.81815	0.73277
c4595	pop05	5.37532	4.51498	-0.86792	5.92894	-0.73035
c4971	pop01	0.2979	1.20164	-0.48642	-1.03404	4.40932
c4999	pop01	-0.06196	-0.23817	2.01409	-0.65082	4.93072
c4976	pop01	0.32862	0.70225	1.27517	-1.35367	4.03277
c4149	pop04	-1.47237	6.21936	-0.53731	5.33479	0.0405
c4756	pop06	0.46212	5.2474	3.9174	1.10446	1.36032
c4408	pop05	3.45611	4.3504	0.87974	3.78702	0.16913
c4375	pop05	5.70329	7.11887	-0.3792	5.06446	0.25196
c1905	pop08	-0.23453	1.57025	1.19232	-0.31785	-1.17813
c4840	pop06	0.23658	7.1793	4.63272	-0.56732	1.3756
c0360	pop08	1.94871	1.24055	1.26489	1.23575	0.6172
c4768	pop06	-1.36392	5.00455	6.09479	-0.6445	-0.40089
c1287	pop08	-0.60892	-0.41624	0.04624	-0.44726	1.59027
c4912	pop01	-1.04095	-0.21478	1.20352	-0.13952	3.36772
c2911	pop03	5.9486	-0.91507	4.71563	-1.12366	0.12656
c4965	pop01	-0.12694	0.65188	-0.28393	1.09894	4.39258
c4972	pop01	0.26997	-1.93178	0.27282	1.25628	5.40607
c3014	pop03	6.5832	0.12153	3.70098	0.10654	-1.03472
c4685	pop05	4.94098	5.23642	0.63558	6.18383	-0.32157
c4609	pop05	5.75565	6.1335	-0.47747	5.97303	-1.16191
c0875	pop08	-1.51835	-1.15003	2.21709	-0.45847	-0.16773
c4624	pop05	6.30636	4.48147	0.43905	4.22841	-0.22999
c4633	pop05	5.84491	4.09904	-0.69027	4.21475	0.07234
c3021	pop03	6.26139	2.02488	5.02576	1.41214	0.12415
c2832	pop02	4.57671	6.07055	0.13535	0.18719	-1.92724
c4990	pop01	0.59828	1.05772	-0.50537	0.50302	6.31551
c4132	pop04	0.84756	4.89324	-0.14725	4.34883	-0.40348
c4661	pop05	4.56597	4.82138	2.73679	4.31159	-0.49569
c2958	pop03	4.8172	-1.15861	4.65594	0.96649	1.18498
c0844	pop08	0.40601	1.372	0.41376	0.70607	-1.03689
c4061	pop04	1.52244	6.21111	-1.26698	3.89371	-0.0363
c0602	pop08	0.61247	-0.74613	0.46941	1.58259	0.45765
c2990	pop03	5.16897	-1.21105	5.18087	0.63836	0.15762
c4272	pop05	4.31437	3.96677	-0.62704	3.6431	-0.05989
c2450	pop08	-0.51744	0.60951	0.51172	0.02656	0.73775
c4764	pop06	-0.59073	5.12161	6.29904	1.80903	0.44267
c2712	pop02	5.30609	3.67275	1.03576	-1.05257	1.45943
c4263	pop05	5.24253	6.12128	-0.41792	5.61061	0.54029
c4891	pop06	-1.43623	5.51336	5.38236	1.5142	-1.7688
c4675	pop05	5.39069	4.7086	-1.68312	3.95369	-1.54094
c4890	pop06	0.6195	4.82432	4.09053	-0.27394	0.47401
c4902	pop01	0.7069	-1.55961	0.38341	-0.38494	5.89991
c2948	pop03	3.93905	-1.0355	4.38386	-0.40071	0.12532
c3132	pop03	4.34974	1.0988	6.7149	-0.44957	0.51673
c4887	pop06	-1.21244	4.06704	5.69977	-1.47814	-0.44734
c3515	pop04	-0.63659	3.91821	-1.16451	3.50597	0.4825
c3165	pop03	3.79366	0.7233	6.20503	-0.78197	-1.12997
c4945	pop01	1.26518	1.7217	-1.44637	0.00764	6.2206
c2017	pop08	0.46661	-1.60379	-1.18562	-0.03387	-0.41604
c4783	pop06	-0.19684	4.35705	5.37462	0.97156	2.9125
c4901	pop01	-0.39991	0.71304	0.91572	0.0156	6.15735
c4868	pop06	-0.6053	5.39088	4.79823	0.22625	-0.54928
c4853	pop06	0.94324	4.68586	5.19678	1.19299	0.13851
c2739	pop02	5.21897	5.08253	-1.0386	0.60438	-1.93473
c2877	pop02	3.98772	3.08845	0.0817	-0.07885	-0.74687
c4920	pop01	-0.3423	0.8451	1.23774	0.36792	3.54102
c2939	pop03	5.05649	0.67211	5.63564	0.58082	-0.01608
c4529	pop05	3.44173	4.62785	0.35694	4.92943	-0.43841
c4830	pop06	-0.48905	5.47992	5.97982	-1.08339	1.18916
c2921	pop03	4.19983	-0.43118	4.71369	-0.99376	0.17803
c2643	pop02	7.61594	7.08984	-0.4437	-0.83001	-0.16561
c4846	pop06	0.38067	4.9323	5.60235	-1.25727	0.32773
c4320	pop05	5.49537	3.82294	-0.0674	4.08308	0.81862
c1952	pop08	-0.97345	-1.08944	-1.04462	0.44979	-1.41108
c0457	pop08	-1.47366	0.96155	0.04683	-0.62092	1.1132
c3644	pop04	-0.00207	3.80811	0.24182	7.2313	-1.83013
c3749	pop04	0.44637	5.39986	0.02236	5.016	0.10772
c2657	pop02	5.51637	4.90968	0.123	1.19506	0.56068
c4410	pop05	6.1487	5.37251	-0.1874	4.76677	-0.32059
c3982	pop04	-1.07961	4.75256	0.92126	4.21564	0.68745
c4383	pop05	5.34336	4.56959	0.42017	4.8779	-1.24477
c2782	pop02	5.8605	4.52455	-1.86638	0.48584	0.49333
c3131	pop03	5.03806	-0.52758	4.7789	-0.12905	2.16848
c4761	pop06	-1.28703	5.4056	3.87584	-0.21228	-0.35823
c4712	pop06	0.37316	4.8346	4.8501	-0.27472	-1.45276
c2800	pop02	4.47089	5.89474	-0.15381	1.38228	-1.44508
c0877	pop08	0.24683	0.12129	-1.80757	1.56682	-0.10714
c4608	pop05	4.20599	4.95915	-1.01521	4.46797	1.772
c4979	pop01	1.28971	-1.4561	0.60264	0.89041	5.12903
c2981	pop03	4.21498	-0.7239	5.26079	-0.54879	0.6299
c3991	pop04	-0.4959	2.90837	-0.13343	5.19282	-1.09421
c3070	pop03	5.59079	0.05291	4.54777	-0.21764	-0.75218
c4674	pop05	4.96307	4.43452	0.17609	5.81862	-0.08599
c2975	pop03	4.82354	-1.81885	4.08032	0.30648	-0.50866
c2663	pop02	5.1802	4.77242	0.82998	-1.93317	0.16877
c3551	pop04	2.15071	5.35247	1.4655	4.71057	0.8134
c4467	pop05	4.78422	4.46934	0.33902	4.59906	-0.52142
c3013	pop03	5.9845	0.72933	5.99954	-0.93113	-0.45626
c4742	pop06	-0.736	3.7472	5.41123	0.65807	-0.36727
c3595	pop04	-1.50884	5.504	1.12393	4.79776	-0.22133
c2869	pop02	5.02794	3.42836	1.50966	-0.86738	0.73576
c3485	pop04	-0.08089	3.43057	1.38415	2.73894	-0.83434
c1960	pop08	0.31694	0.78783	-1.509	-0.09361	-0.16771
c2123	pop08	1.50084	1.09544	-1.81476	-0.08521	2.16861
c4913	pop01	1.31101	0.2294	0.89725	-0.02807	5.28053
c2331	pop08	1.27015	0.8445	1.16243	-1.54785	-0.42219
c1680	pop08	1.44294	-0.38867	-0.77017	-2.26998	0.31712
c2697	pop02	4.40331	3.99777	0.03095	0.19997	0.57431
c2892	pop02	5.84085	5.53055	1.59662	0.5174	0.71819
c4930	pop01	0.20662	-1.24279	-0.74507	0.26496	5.46384
c4314	pop05	5.7135	5.16749	-0.2781	5.39794	-1.39804
c2878	pop02	4.18012	5.44488	0.56248	-0.40593	-0.576
c4966	pop01	0.42598	0.15461	-0.75	-0.06963	5.95164
c2795	pop02	4.39819	4.56587	-1.46542	-1.84347	-0.27641
c4904	pop01	0.62784	-0.13942	1.13224	1.29951	6.17688
c4670	pop05	5.2907	4.91094	0.39578	4.98266	0.5489
c4196	pop04	-0.19747	4.62398	-0.18055	4.84594	0.96064
c4810	pop06	-1.88341	4.6851	6.89659	-0.76975	1.42601
c0746	pop08	0.0423	-0.38738	-0.33001	-0.35876	1.04054
c4925	pop01	-1.53475	-0.23426	-0.1379	1.58048	5.76029
c0624	pop08	0.00627	0.2075	0.30148	-1.71946	0.93541
c4947	pop01	-0.50522	-0.49319	1.05508	0.10219	5.4313
c4718	pop06	-2.09093	3.86219	4.1876	-0.84566	-0.77022
c3606	pop04	0.84227	4.82265	-1.70496	4.41593	-1.48218
c3370	pop04	-0.30027	5.48084	0.30261	4.2776	-0.47357
c2565	pop08	0.62443	1.99318	0.25535	-0.73613	-0.69559
c2195	pop08	0.24215	2.53962	2.49468	-1.03514	0.10952
c3910	pop04	0.75036	5.19913	-0.33477	4.92939	1.31882
c2925	pop03	5.64524	0.17552	5.9771	-1.01297	0.84355
c4896	pop06	-0.29099	4.79936	4.81909	0.73184	0.34578
c3026	pop03	6.15359	-0.51786	4.9289	1.84514	-0.21205
c3261	pop04	0.65837	3.26484	-1.40248	5.64876	0.60795
c4755	pop06	-1.87055	5.48371	4.44898	0.87933	-1.23182
c4510	pop05	5.44696	3.59785	0.53811	5.13257	0.22438
c3985	pop04	-0.13313	5.49671	0.19831	3.99326	0.44446
c4807	pop06	0.11096	5.25486	4.92651	0.42997	-2.5415
c4949	pop01	0.03989	-2.25925	0.26311	-0.46605	4.52401
c1267	pop08	-0.56132	1.11086	-1.19957	0.76175	0.72819
c4849	pop06	-0.36417	5.74731	3.34673	-0.94074	0.70934
c4274	pop05	3.7073	5.97873	-0.0789	4.92917	-0.24147
c3268	pop04	-0.3147	5.68218	0.68515	2.55148	0.03155
c4364	pop05	6.13213	5.74121	0.15599	5.20967	-1.64501
c4702	pop06	-0.10057	5.20104	6.42146	-0.47892	-1.07805
c1239	pop08	1.1074	-0.03254	0.51311	-1.1398	0.88912
c3090	pop03	5.28216	-1.27641	4.07824	-0.18046	-0.74768
c2641	pop02	4.30597	4.8467	0.51672	-0.32661	1.14246
c2913	pop03	4.58317	-0.27518	4.55518	-0.38286	0.29448
c2421	pop08	0.13575	0.55987	0.68095	-0.32121	-1.16816
c4784	pop06	0.41092	5.48353	3.06981	-0.69807	-0.19677
c4731	pop06	-0.78663	4.76564	4.40927	0.40788	-0.67757
c4377	pop05	5.38286	5.39354	-1.11047	3.57548	-0.2233
c4870	pop06	-0.52174	6.31973	5.27024	-0.41242	1.76467
c0180	pop08	-0.03326	1.14599	-0.85239	-0.45134	-0.29117
c4992	pop01	-1.71302	-1.34093	-1.10453	1.77945	4.79858
c2749	pop02	5.63727	5.48005	0.03305	-1.27659	-0.78826
c2748	pop02	2.76082	6.28133	-2.47002	0.01988	-0.60126
c0547	pop08	-1.84897	0.20727	0.52478	-1.63421	-0.59849
c2678	pop02	5.20877	4.67646	-2.14698	1.60084	0.78988
c4858	pop06	1.14526	4.75242	3.73576	2.01356	0.12154
c1656	pop08	0.23534	0.29996	0.27898	0.15664	-0.32191
c4836	pop06	0.70744	5.45698	5.22774	0.3334	1.69816
c4505	pop05	4.1653	5.3778	-0.43026	5.85743	0.29021
c0524	pop08	0.00131	-1.43104	-0.87353	-1.47211	-2.18051
c2721	pop02	5.68415	6.89528	0.40244	0.81352	-0.91533
c3282	pop04	-1.63363	4.03307	0.05363	5.78368	-0.02003
c2761	pop02	4.50887	6.08236	-0.43313	0.54235	-1.89157
